Time (s),Raw ECG Value
0.000,2207
0.001,2251
0.002,2267
0.003,2203
0.004,2235
0.005,2259
0.006,2247
0.007,2259
0.008,2255
0.009,2279
0.010,2223
0.011,2227
0.012,2183
0.013,2267
0.014,2191
0.015,2243
0.016,2187
0.017,2179
0.018,2247
0.019,2219
0.020,2203
0.021,2219
0.022,2279
0.023,2215
0.024,2215
0.025,2215
0.026,2259
0.027,2247
0.028,2267
0.029,2251
0.030,2235
0.031,2271
0.032,2275
0.033,2227
0.034,2227
0.035,2259
0.036,2251
0.037,2275
0.038,2235
0.039,2235
0.040,2287
0.041,2235
0.042,2235
0.043,2283
0.044,2291
0.045,2247
0.046,2235
0.047,2263
0.048,2243
0.049,2255
0.050,2191
0.051,2231
0.052,2243
0.053,2219
0.054,2243
0.055,2239
0.056,2263
0.057,2251
0.058,2311
0.059,2307
0.060,2251
0.061,2251
0.062,2263
0.063,2335
0.064,2335
0.065,2283
0.066,2275
0.067,2283
0.068,2271
0.069,2279
0.070,2239
0.071,2307
0.072,2263
0.073,2255
0.074,2291
0.075,2299
0.076,2303
0.077,2327
0.078,2275
0.079,2315
0.080,2259
0.081,2343
0.082,2327
0.083,2327
0.084,2279
0.085,2323
0.086,2275
0.087,2311
0.088,2347
0.089,2323
0.090,2295
0.091,2287
0.092,2347
0.093,2291
0.094,2323
0.095,2355
0.096,2263
0.097,2255
0.098,2299
0.099,2327
0.100,2299
0.101,2307
0.102,2331
0.103,2291
0.104,2343
0.105,2347
0.106,2267
0.107,2303
0.108,2303
0.109,2331
0.110,2331
0.111,2335
0.112,2287
0.113,2275
0.114,2363
0.115,2327
0.116,2307
0.117,2295
0.118,2307
0.119,2323
0.120,2311
0.121,2323
0.122,2291
0.123,2331
0.124,2283
0.125,2283
0.126,2319
0.127,2351
0.128,2311
0.129,2299
0.130,2275
0.131,2359
0.132,2279
0.133,2347
0.134,2303
0.135,2339
0.136,2331
0.137,2299
0.138,2287
0.139,2331
0.140,2363
0.141,2283
0.142,2275
0.143,2339
0.144,2315
0.145,2307
0.146,2315
0.147,2327
0.148,2307
0.149,2315
0.150,2295
0.151,2327
0.152,2287
0.153,2327
0.154,2323
0.155,2291
0.156,2271
0.157,2283
0.158,2295
0.159,2327
0.160,2343
0.161,2279
0.162,2331
0.163,2327
0.164,2299
0.165,2335
0.166,2295
0.167,2327
0.168,2291
0.169,2299
0.170,2291
0.171,2307
0.172,2263
0.173,2299
0.174,2303
0.175,2299
0.176,2315
0.177,2279
0.178,2331
0.179,2371
0.180,2351
0.181,2343
0.182,2339
0.183,2267
0.184,2311
0.185,2363
0.186,2331
0.187,2335
0.188,2315
0.189,2351
0.190,2363
0.191,2343
0.192,2367
0.193,2343
0.194,2383
0.195,2351
0.196,2355
0.197,2387
0.198,2371
0.199,2407
0.200,2395
0.201,2355
0.202,2459
0.203,2439
0.204,2419
0.205,2459
0.206,2411
0.207,2435
0.208,2431
0.209,2455
0.210,2435
0.211,2451
0.212,2435
0.213,2431
0.214,2399
0.215,2459
0.216,2467
0.217,2483
0.218,2411
0.219,2459
0.220,2479
0.221,2471
0.222,2483
0.223,2439
0.224,2479
0.225,2459
0.226,2455
0.227,2415
0.228,2427
0.229,2499
0.230,2407
0.231,2407
0.232,2435
0.233,2519
0.234,2443
0.235,2455
0.236,2459
0.237,2415
0.238,2443
0.239,2391
0.240,2427
0.241,2443
0.242,2443
0.243,2451
0.244,2403
0.245,2379
0.246,2379
0.247,2423
0.248,2391
0.249,2407
0.250,2435
0.251,2395
0.252,2427
0.253,2379
0.254,2379
0.255,2379
0.256,2387
0.257,2439
0.258,2403
0.259,2395
0.260,2387
0.261,2403
0.262,2379
0.263,2395
0.264,2383
0.265,2415
0.266,2363
0.267,2339
0.268,2371
0.269,2391
0.270,2367
0.271,2339
0.272,2375
0.273,2347
0.274,2359
0.275,2371
0.276,2367
0.277,2359
0.278,2299
0.279,2375
0.280,2371
0.281,2339
0.282,2319
0.283,2379
0.284,2399
0.285,2371
0.286,2371
0.287,2339
0.288,2311
0.289,2335
0.290,2311
0.291,2347
0.292,2343
0.293,2291
0.294,2319
0.295,2351
0.296,2343
0.297,2331
0.298,2335
0.299,2323
0.300,2311
0.301,2283
0.302,2327
0.303,2315
0.304,2339
0.305,2315
0.306,2327
0.307,2291
0.308,2319
0.309,2295
0.310,2331
0.311,2339
0.312,2367
0.313,2299
0.314,2363
0.315,2327
0.316,2363
0.317,2339
0.318,2379
0.319,2355
0.320,2399
0.321,2375
0.322,2347
0.323,2403
0.324,2347
0.325,2415
0.326,2411
0.327,2363
0.328,2343
0.329,2439
0.330,2383
0.331,2375
0.332,2407
0.333,2439
0.334,2415
0.335,2443
0.336,2399
0.337,2403
0.338,2415
0.339,2431
0.340,2439
0.341,2491
0.342,2459
0.343,2403
0.344,2479
0.345,2487
0.346,2563
0.347,2519
0.348,2515
0.349,2511
0.350,2519
0.351,2555
0.352,2551
0.353,2535
0.354,2539
0.355,2567
0.356,2527
0.357,2535
0.358,2555
0.359,2615
0.360,2603
0.361,2571
0.362,2603
0.363,2639
0.364,2615
0.365,2655
0.366,2655
0.367,2659
0.368,2655
0.369,2635
0.370,2651
0.371,2643
0.372,2659
0.373,2643
0.374,2699
0.375,2683
0.376,2699
0.377,2699
0.378,2679
0.379,2687
0.380,2727
0.381,2675
0.382,2715
0.383,2655
0.384,2719
0.385,2703
0.386,2723
0.387,2707
0.388,2699
0.389,2767
0.390,2695
0.391,2711
0.392,2739
0.393,2791
0.394,2763
0.395,2727
0.396,2719
0.397,2727
0.398,2755
0.399,2703
0.400,2799
0.401,2747
0.402,2723
0.403,2715
0.404,2775
0.405,2707
0.406,2655
0.407,2679
0.408,2703
0.409,2663
0.410,2663
0.411,2667
0.412,2715
0.413,2691
0.414,2711
0.415,2747
0.416,2627
0.417,2683
0.418,2667
0.419,2663
0.420,2643
0.421,2663
0.422,2647
0.423,2643
0.424,2631
0.425,2663
0.426,2655
0.427,2635
0.428,2667
0.429,2639
0.430,2639
0.431,2591
0.432,2567
0.433,2599
0.434,2539
0.435,2583
0.436,2583
0.437,2603
0.438,2583
0.439,2543
0.440,2523
0.441,2555
0.442,2539
0.443,2555
0.444,2515
0.445,2495
0.446,2507
0.447,2459
0.448,2475
0.449,2483
0.450,2483
0.451,2499
0.452,2535
0.453,2487
0.454,2467
0.455,2459
0.456,2523
0.457,2463
0.458,2443
0.459,2495
0.460,2439
0.461,2451
0.462,2459
0.463,2455
0.464,2431
0.465,2467
0.466,2423
0.467,2435
0.468,2419
0.469,2427
0.470,2399
0.471,2423
0.472,2351
0.473,2399
0.474,2403
0.475,2363
0.476,2367
0.477,2411
0.478,2395
0.479,2391
0.480,2375
0.481,2371
0.482,2379
0.483,2375
0.484,2367
0.485,2295
0.486,2335
0.487,2339
0.488,2367
0.489,2367
0.490,2359
0.491,2347
0.492,2327
0.493,2379
0.494,2331
0.495,2311
0.496,2319
0.497,2367
0.498,2295
0.499,2303
0.500,2307
0.501,2263
0.502,2351
0.503,2331
0.504,2343
0.505,2327
0.506,2319
0.507,2283
0.508,2271
0.509,2311
0.510,2331
0.511,2291
0.512,2331
0.513,2279
0.514,2327
0.515,2311
0.516,2319
0.517,2299
0.518,2279
0.519,2311
0.520,2303
0.521,2287
0.522,2311
0.523,2315
0.524,2339
0.525,2323
0.526,2275
0.527,2355
0.528,2231
0.529,2327
0.530,2351
0.531,2323
0.532,2315
0.533,2319
0.534,2351
0.535,2379
0.536,2351
0.537,2339
0.538,2335
0.539,2359
0.540,2347
0.541,2299
0.542,2359
0.543,2359
0.544,2367
0.545,2351
0.546,2355
0.547,2407
0.548,2359
0.549,2343
0.550,2387
0.551,2371
0.552,2395
0.553,2375
0.554,2367
0.555,2431
0.556,2423
0.557,2391
0.558,2387
0.559,2431
0.560,2375
0.561,2387
0.562,2463
0.563,2467
0.564,2423
0.565,2427
0.566,2407
0.567,2423
0.568,2395
0.569,2467
0.570,2403
0.571,2427
0.572,2435
0.573,2463
0.574,2431
0.575,2451
0.576,2415
0.577,2459
0.578,2439
0.579,2447
0.580,2395
0.581,2475
0.582,2419
0.583,2399
0.584,2411
0.585,2455
0.586,2399
0.587,2447
0.588,2459
0.589,2407
0.590,2403
0.591,2459
0.592,2391
0.593,2411
0.594,2439
0.595,2391
0.596,2439
0.597,2391
0.598,2411
0.599,2395
0.600,2435
0.601,2431
0.602,2347
0.603,2419
0.604,2419
0.605,2419
0.606,2419
0.607,2415
0.608,2399
0.609,2375
0.610,2419
0.611,2387
0.612,2371
0.613,2431
0.614,2395
0.615,2455
0.616,2395
0.617,2427
0.618,2455
0.619,2459
0.620,2419
0.621,2375
0.622,2431
0.623,2475
0.624,2451
0.625,2455
0.626,2423
0.627,2435
0.628,2491
0.629,2459
0.630,2463
0.631,2495
0.632,2447
0.633,2435
0.634,2483
0.635,2459
0.636,2491
0.637,2451
0.638,2523
0.639,2499
0.640,2475
0.641,2527
0.642,2479
0.643,2515
0.644,2527
0.645,2479
0.646,2511
0.647,2515
0.648,2483
0.649,2507
0.650,2531
0.651,2495
0.652,2535
0.653,2523
0.654,2567
0.655,2559
0.656,2527
0.657,2511
0.658,2503
0.659,2495
0.660,2547
0.661,2495
0.662,2483
0.663,2555
0.664,2519
0.665,2531
0.666,2567
0.667,2499
0.668,2491
0.669,2503
0.670,2499
0.671,2527
0.672,2535
0.673,2459
0.674,2495
0.675,2499
0.676,2507
0.677,2519
0.678,2503
0.679,2471
0.680,2443
0.681,2443
0.682,2487
0.683,2487
0.684,2447
0.685,2451
0.686,2423
0.687,2423
0.688,2479
0.689,2475
0.690,2419
0.691,2399
0.692,2443
0.693,2435
0.694,2407
0.695,2423
0.696,2415
0.697,2431
0.698,2415
0.699,2407
0.700,2363
0.701,2351
0.702,2391
0.703,2371
0.704,2343
0.705,2395
0.706,2383
0.707,2403
0.708,2363
0.709,2391
0.710,2403
0.711,2395
0.712,2355
0.713,2331
0.714,2343
0.715,2295
0.716,2383
0.717,2355
0.718,2379
0.719,2371
0.720,2299
0.721,2383
0.722,2363
0.723,2347
0.724,2347
0.725,2327
0.726,2295
0.727,2351
0.728,2355
0.729,2351
0.730,2311
0.731,2335
0.732,2319
0.733,2319
0.734,2359
0.735,2287
0.736,2339
0.737,2283
0.738,2283
0.739,2355
0.740,2335
0.741,2331
0.742,2239
0.743,2315
0.744,2343
0.745,2303
0.746,2295
0.747,2327
0.748,2347
0.749,2323
0.750,2351
0.751,2311
0.752,2339
0.753,2307
0.754,2315
0.755,2303
0.756,2323
0.757,2339
0.758,2291
0.759,2295
0.760,2311
0.761,2311
0.762,2307
0.763,2347
0.764,2311
0.765,2283
0.766,2343
0.767,2343
0.768,2347
0.769,2311
0.770,2319
0.771,2303
0.772,2327
0.773,2319
0.774,2315
0.775,2307
0.776,2371
0.777,2335
0.778,2319
0.779,2311
0.780,2359
0.781,2307
0.782,2331
0.783,2311
0.784,2267
0.785,2307
0.786,2343
0.787,2315
0.788,2351
0.789,2283
0.790,2367
0.791,2295
0.792,2279
0.793,2355
0.794,2335
0.795,2319
0.796,2307
0.797,2287
0.798,2367
0.799,2299
0.800,2275
0.801,2351
0.802,2287
0.803,2347
0.804,2311
0.805,2339
0.806,2311
0.807,2347
0.808,2295
0.809,2295
0.810,2279
0.811,2259
0.812,2267
0.813,2283
0.814,2299
0.815,2279
0.816,2251
0.817,2275
0.818,2243
0.819,2251
0.820,2311
0.821,2251
0.822,2275
0.823,2255
0.824,2271
0.825,2235
0.826,2279
0.827,2259
0.828,2263
0.829,2263
0.830,2227
0.831,2219
0.832,2271
0.833,2267
0.834,2235
0.835,2207
0.836,2203
0.837,2219
0.838,2195
0.839,2211
0.840,2171
0.841,2251
0.842,2287
0.843,2211
0.844,2239
0.845,2239
0.846,2219
0.847,2199
0.848,2227
0.849,2219
0.850,2255
0.851,2267
0.852,2231
0.853,2259
0.854,2267
0.855,2251
0.856,2247
0.857,2207
0.858,2267
0.859,2207
0.860,2267
0.861,2227
0.862,2203
0.863,2239
0.864,2251
0.865,2251
0.866,2239
0.867,2227
0.868,2219
0.869,2279
0.870,2267
0.871,2255
0.872,2215
0.873,2283
0.874,2275
0.875,2179
0.876,2259
0.877,2255
0.878,2299
0.879,2291
0.880,2259
0.881,2243
0.882,2271
0.883,2243
0.884,2219
0.885,2239
0.886,2231
0.887,2211
0.888,2223
0.889,2251
0.890,2279
0.891,2243
0.892,2307
0.893,2291
0.894,2335
0.895,2231
0.896,2219
0.897,2247
0.898,2251
0.899,2235
0.900,2235
0.901,2279
0.902,2287
0.903,2279
0.904,2279
0.905,2303
0.906,2299
0.907,2279
0.908,2311
0.909,2279
0.910,2259
0.911,2303
0.912,2283
0.913,2291
0.914,2267
0.915,2303
0.916,2299
0.917,2315
0.918,2315
0.919,2319
0.920,2323
0.921,2327
0.922,2311
0.923,2327
0.924,2343
0.925,2347
0.926,2351
0.927,2311
0.928,2347
0.929,2327
0.930,2355
0.931,2331
0.932,2343
0.933,2335
0.934,2355
0.935,2367
0.936,2351
0.937,2379
0.938,2343
0.939,2363
0.940,2359
0.941,2399
0.942,2379
0.943,2339
0.944,2359
0.945,2415
0.946,2391
0.947,2431
0.948,2419
0.949,2387
0.950,2383
0.951,2347
0.952,2363
0.953,2379
0.954,2383
0.955,2411
0.956,2399
0.957,2363
0.958,2355
0.959,2419
0.960,2351
0.961,2391
0.962,2351
0.963,2427
0.964,2363
0.965,2407
0.966,2363
0.967,2427
0.968,2359
0.969,2363
0.970,2315
0.971,2315
0.972,2343
0.973,2319
0.974,2347
0.975,2339
0.976,2299
0.977,2315
0.978,2287
0.979,2295
0.980,2299
0.981,2327
0.982,2339
0.983,2315
0.984,2335
0.985,2335
0.986,2335
0.987,2275
0.988,2283
0.989,2251
0.990,2307
0.991,2255
0.992,2271
0.993,2279
0.994,2255
0.995,2231
0.996,2227
0.997,2295
0.998,2311
0.999,2251
1.000,2247
1.001,2243
1.002,2231
1.003,2271
1.004,2255
1.005,2219
1.006,2243
1.007,2235
1.008,2243
1.009,2299
1.010,2271
1.011,2251
1.012,2211
1.013,2243
1.014,2243
1.015,2227
1.016,2187
1.017,2271
1.018,2223
1.019,2275
1.020,2243
1.021,2287
1.022,2223
1.023,2235
1.024,2211
1.025,2235
1.026,2239
1.027,2263
1.028,2231
1.029,2227
1.030,2235
1.031,2235
1.032,2247
1.033,2303
1.034,2231
1.035,2259
1.036,2275
1.037,2299
1.038,2283
1.039,2215
1.040,2267
1.041,2259
1.042,2251
1.043,2275
1.044,2291
1.045,2283
1.046,2295
1.047,2291
1.048,2271
1.049,2311
1.050,2279
1.051,2275
1.052,2299
1.053,2295
1.054,2315
1.055,2331
1.056,2307
1.057,2295
1.058,2315
1.059,2327
1.060,2287
1.061,2387
1.062,2303
1.063,2351
1.064,2355
1.065,2303
1.066,2323
1.067,2359
1.068,2327
1.069,2331
1.070,2359
1.071,2327
1.072,2363
1.073,2375
1.074,2387
1.075,2363
1.076,2411
1.077,2339
1.078,2379
1.079,2407
1.080,2383
1.081,2367
1.082,2379
1.083,2387
1.084,2379
1.085,2379
1.086,2363
1.087,2379
1.088,2387
1.089,2403
1.090,2363
1.091,2323
1.092,2371
1.093,2411
1.094,2399
1.095,2379
1.096,2383
1.097,2427
1.098,2355
1.099,2391
1.100,2427
1.101,2463
1.102,2443
1.103,2419
1.104,2435
1.105,2463
1.106,2467
1.107,2403
1.108,2411
1.109,2439
1.110,2439
1.111,2411
1.112,2447
1.113,2387
1.114,2459
1.115,2387
1.116,2435
1.117,2439
1.118,2443
1.119,2419
1.120,2451
1.121,2379
1.122,2435
1.123,2419
1.124,2427
1.125,2423
1.126,2439
1.127,2431
1.128,2427
1.129,2439
1.130,2455
1.131,2423
1.132,2419
1.133,2443
1.134,2383
1.135,2447
1.136,2455
1.137,2395
1.138,2415
1.139,2403
1.140,2387
1.141,2415
1.142,2423
1.143,2367
1.144,2451
1.145,2435
1.146,2415
1.147,2403
1.148,2447
1.149,2431
1.150,2455
1.151,2491
1.152,2435
1.153,2439
1.154,2407
1.155,2447
1.156,2507
1.157,2495
1.158,2475
1.159,2471
1.160,2483
1.161,2547
1.162,2463
1.163,2507
1.164,2535
1.165,2579
1.166,2491
1.167,2511
1.168,2543
1.169,2583
1.170,2559
1.171,2567
1.172,2607
1.173,2599
1.174,2571
1.175,2571
1.176,2571
1.177,2643
1.178,2671
1.179,2655
1.180,2631
1.181,2663
1.182,2691
1.183,2663
1.184,2723
1.185,2699
1.186,2727
1.187,2707
1.188,2775
1.189,2703
1.190,2711
1.191,2747
1.192,2735
1.193,2743
1.194,2739
1.195,2727
1.196,2779
1.197,2755
1.198,2739
1.199,2803
1.200,2763
1.201,2747
1.202,2779
1.203,2767
1.204,2819
1.205,2815
1.206,2795
1.207,2811
1.208,2775
1.209,2767
1.210,2767
1.211,2799
1.212,2755
1.213,2791
1.214,2763
1.215,2823
1.216,2795
1.217,2771
1.218,2803
1.219,2779
1.220,2759
1.221,2811
1.222,2799
1.223,2791
1.224,2755
1.225,2779
1.226,2763
1.227,2751
1.228,2771
1.229,2723
1.230,2707
1.231,2731
1.232,2715
1.233,2731
1.234,2739
1.235,2727
1.236,2715
1.237,2675
1.238,2671
1.239,2687
1.240,2627
1.241,2639
1.242,2631
1.243,2619
1.244,2599
1.245,2603
1.246,2619
1.247,2587
1.248,2587
1.249,2583
1.250,2523
1.251,2571
1.252,2543
1.253,2519
1.254,2555
1.255,2515
1.256,2507
1.257,2495
1.258,2515
1.259,2439
1.260,2503
1.261,2499
1.262,2471
1.263,2423
1.264,2459
1.265,2451
1.266,2439
1.267,2487
1.268,2439
1.269,2443
1.270,2359
1.271,2399
1.272,2399
1.273,2387
1.274,2363
1.275,2371
1.276,2319
1.277,2343
1.278,2367
1.279,2375
1.280,2323
1.281,2319
1.282,2327
1.283,2327
1.284,2343
1.285,2259
1.286,2303
1.287,2303
1.288,2363
1.289,2327
1.290,2319
1.291,2299
1.292,2303
1.293,2323
1.294,2299
1.295,2235
1.296,2259
1.297,2295
1.298,2307
1.299,2279
1.300,2299
1.301,2307
1.302,2263
1.303,2267
1.304,2319
1.305,2287
1.306,2251
1.307,2287
1.308,2311
1.309,2283
1.310,2287
1.311,2259
1.312,2227
1.313,2267
1.314,2243
1.315,2291
1.316,2295
1.317,2303
1.318,2235
1.319,2331
1.320,2323
1.321,2283
1.322,2299
1.323,2335
1.324,2287
1.325,2307
1.326,2343
1.327,2339
1.328,2295
1.329,2359
1.330,2299
1.331,2347
1.332,2279
1.333,2383
1.334,2327
1.335,2347
1.336,2319
1.337,2299
1.338,2295
1.339,2351
1.340,2327
1.341,2319
1.342,2351
1.343,2335
1.344,2355
1.345,2363
1.346,2375
1.347,2323
1.348,2355
1.349,2331
1.350,2283
1.351,2311
1.352,2351
1.353,2371
1.354,2319
1.355,2367
1.356,2399
1.357,2343
1.358,2395
1.359,2415
1.360,2347
1.361,2315
1.362,2331
1.363,2387
1.364,2331
1.365,2347
1.366,2339
1.367,2323
1.368,2363
1.369,2323
1.370,2367
1.371,2371
1.372,2327
1.373,2363
1.374,2367
1.375,2359
1.376,2395
1.377,2343
1.378,2391
1.379,2395
1.380,2343
1.381,2363
1.382,2367
1.383,2367
1.384,2411
1.385,2411
1.386,2331
1.387,2371
1.388,2339
1.389,2407
1.390,2375
1.391,2359
1.392,2335
1.393,2363
1.394,2407
1.395,2383
1.396,2371
1.397,2439
1.398,2411
1.399,2391
1.400,2415
1.401,2383
1.402,2367
1.403,2367
1.404,2379
1.405,2375
1.406,2383
1.407,2367
1.408,2359
1.409,2379
1.410,2351
1.411,2379
1.412,2375
1.413,2419
1.414,2371
1.415,2379
1.416,2383
1.417,2375
1.418,2415
1.419,2371
1.420,2391
1.421,2339
1.422,2375
1.423,2407
1.424,2351
1.425,2411
1.426,2367
1.427,2435
1.428,2375
1.429,2355
1.430,2371
1.431,2379
1.432,2375
1.433,2339
1.434,2387
1.435,2387
1.436,2431
1.437,2391
1.438,2379
1.439,2399
1.440,2363
1.441,2407
1.442,2343
1.443,2363
1.444,2395
1.445,2359
1.446,2407
1.447,2363
1.448,2355
1.449,2351
1.450,2375
1.451,2367
1.452,2387
1.453,2335
1.454,2363
1.455,2391
1.456,2371
1.457,2395
1.458,2375
1.459,2379
1.460,2343
1.461,2367
1.462,2411
1.463,2411
1.464,2415
1.465,2407
1.466,2379
1.467,2411
1.468,2435
1.469,2371
1.470,2407
1.471,2371
1.472,2403
1.473,2383
1.474,2387
1.475,2367
1.476,2383
1.477,2383
1.478,2399
1.479,2331
1.480,2419
1.481,2367
1.482,2319
1.483,2403
1.484,2395
1.485,2359
1.486,2407
1.487,2415
1.488,2451
1.489,2407
1.490,2407
1.491,2375
1.492,2403
1.493,2379
1.494,2379
1.495,2391
1.496,2335
1.497,2363
1.498,2363
1.499,2423
1.500,2383
1.501,2355
1.502,2415
1.503,2367
1.504,2343
1.505,2427
1.506,2399
1.507,2383
1.508,2363
1.509,2391
1.510,2395
1.511,2347
1.512,2383
1.513,2347
1.514,2379
1.515,2399
1.516,2419
1.517,2351
1.518,2395
1.519,2403
1.520,2367
1.521,2387
1.522,2431
1.523,2375
1.524,2379
1.525,2411
1.526,2383
1.527,2419
1.528,2387
1.529,2419
1.530,2383
1.531,2347
1.532,2407
1.533,2427
1.534,2427
1.535,2407
1.536,2363
1.537,2447
1.538,2391
1.539,2379
1.540,2387
1.541,2419
1.542,2411
1.543,2427
1.544,2407
1.545,2419
1.546,2383
1.547,2375
1.548,2387
1.549,2399
1.550,2391
1.551,2427
1.552,2371
1.553,2407
1.554,2383
1.555,2375
1.556,2383
1.557,2403
1.558,2399
1.559,2367
1.560,2355
1.561,2395
1.562,2387
1.563,2347
1.564,2371
1.565,2391
1.566,2371
1.567,2363
1.568,2339
1.569,2347
1.570,2407
1.571,2355
1.572,2375
1.573,2391
1.574,2335
1.575,2387
1.576,2375
1.577,2391
1.578,2323
1.579,2327
1.580,2339
1.581,2351
1.582,2367
1.583,2347
1.584,2347
1.585,2343
1.586,2335
1.587,2335
1.588,2291
1.589,2323
1.590,2323
1.591,2347
1.592,2339
1.593,2291
1.594,2303
1.595,2367
1.596,2335
1.597,2287
1.598,2343
1.599,2287
1.600,2299
1.601,2319
1.602,2251
1.603,2339
1.604,2339
1.605,2267
1.606,2295
1.607,2295
1.608,2331
1.609,2279
1.610,2311
1.611,2263
1.612,2291
1.613,2303
1.614,2239
1.615,2215
1.616,2263
1.617,2239
1.618,2247
1.619,2295
1.620,2219
1.621,2287
1.622,2259
1.623,2311
1.624,2275
1.625,2227
1.626,2259
1.627,2203
1.628,2211
1.629,2239
1.630,2191
1.631,2279
1.632,2251
1.633,2207
1.634,2211
1.635,2207
1.636,2187
1.637,2219
1.638,2227
1.639,2255
1.640,2235
1.641,2187
1.642,2243
1.643,2191
1.644,2243
1.645,2179
1.646,2183
1.647,2175
1.648,2255
1.649,2187
1.650,2179
1.651,2211
1.652,2187
1.653,2243
1.654,2259
1.655,2267
1.656,2195
1.657,2219
1.658,2195
1.659,2227
1.660,2183
1.661,2195
1.662,2179
1.663,2211
1.664,2231
1.665,2231
1.666,2235
1.667,2263
1.668,2263
1.669,2231
1.670,2219
1.671,2211
1.672,2203
1.673,2211
1.674,2291
1.675,2259
1.676,2303
1.677,2263
1.678,2279
1.679,2259
1.680,2251
1.681,2255
1.682,2327
1.683,2275
1.684,2283
1.685,2315
1.686,2255
1.687,2283
1.688,2303
1.689,2315
1.690,2295
1.691,2323
1.692,2331
1.693,2303
1.694,2347
1.695,2327
1.696,2319
1.697,2339
1.698,2303
1.699,2335
1.700,2315
1.701,2259
1.702,2355
1.703,2359
1.704,2319
1.705,2355
1.706,2379
1.707,2355
1.708,2355
1.709,2355
1.710,2363
1.711,2367
1.712,2419
1.713,2371
1.714,2391
1.715,2363
1.716,2363
1.717,2363
1.718,2375
1.719,2371
1.720,2319
1.721,2315
1.722,2279
1.723,2391
1.724,2351
1.725,2387
1.726,2367
1.727,2387
1.728,2359
1.729,2291
1.730,2367
1.731,2327
1.732,2307
1.733,2351
1.734,2343
1.735,2331
1.736,2331
1.737,2303
1.738,2255
1.739,2299
1.740,2299
1.741,2327
1.742,2291
1.743,2351
1.744,2299
1.745,2295
1.746,2347
1.747,2307
1.748,2275
1.749,2303
1.750,2323
1.751,2303
1.752,2267
1.753,2255
1.754,2287
1.755,2283
1.756,2259
1.757,2291
1.758,2291
1.759,2331
1.760,2303
1.761,2311
1.762,2299
1.763,2327
1.764,2303
1.765,2283
1.766,2271
1.767,2311
1.768,2303
1.769,2315
1.770,2299
1.771,2283
1.772,2283
1.773,2339
1.774,2287
1.775,2339
1.776,2319
1.777,2275
1.778,2303
1.779,2323
1.780,2307
1.781,2283
1.782,2295
1.783,2307
1.784,2259
1.785,2335
1.786,2315
1.787,2311
1.788,2283
1.789,2319
1.790,2271
1.791,2335
1.792,2327
1.793,2303
1.794,2339
1.795,2303
1.796,2339
1.797,2299
1.798,2311
1.799,2331
1.800,2315
1.801,2287
1.802,2327
1.803,2319
1.804,2255
1.805,2291
1.806,2311
1.807,2283
1.808,2287
1.809,2291
1.810,2315
1.811,2307
1.812,2307
1.813,2311
1.814,2299
1.815,2307
1.816,2299
1.817,2307
1.818,2315
1.819,2307
1.820,2283
1.821,2303
1.822,2299
1.823,2303
1.824,2299
1.825,2271
1.826,2303
1.827,2263
1.828,2323
1.829,2307
1.830,2303
1.831,2307
1.832,2279
1.833,2303
1.834,2291
1.835,2271
1.836,2271
1.837,2231
1.838,2295
1.839,2323
1.840,2287
1.841,2307
1.842,2275
1.843,2267
1.844,2275
1.845,2247
1.846,2263
1.847,2251
1.848,2271
1.849,2271
1.850,2283
1.851,2215
1.852,2243
1.853,2311
1.854,2279
1.855,2207
1.856,2211
1.857,2267
1.858,2215
1.859,2247
1.860,2227
1.861,2227
1.862,2227
1.863,2175
1.864,2191
1.865,2179
1.866,2115
1.867,2203
1.868,2183
1.869,2235
1.870,2223
1.871,2191
1.872,2207
1.873,2199
1.874,2167
1.875,2167
1.876,2207
1.877,2187
1.878,2171
1.879,2187
1.880,2195
1.881,2199
1.882,2211
1.883,2203
1.884,2215
1.885,2219
1.886,2155
1.887,2187
1.888,2219
1.889,2183
1.890,2175
1.891,2179
1.892,2187
1.893,2175
1.894,2175
1.895,2187
1.896,2179
1.897,2259
1.898,2215
1.899,2215
1.900,2211
1.901,2223
1.902,2163
1.903,2203
1.904,2187
1.905,2171
1.906,2199
1.907,2215
1.908,2191
1.909,2191
1.910,2219
1.911,2239
1.912,2223
1.913,2191
1.914,2195
1.915,2211
1.916,2215
1.917,2191
1.918,2223
1.919,2259
1.920,2247
1.921,2279
1.922,2259
1.923,2287
1.924,2251
1.925,2271
1.926,2247
1.927,2303
1.928,2271
1.929,2263
1.930,2291
1.931,2275
1.932,2331
1.933,2295
1.934,2295
1.935,2283
1.936,2303
1.937,2311
1.938,2311
1.939,2299
1.940,2347
1.941,2339
1.942,2339
1.943,2359
1.944,2343
1.945,2335
1.946,2351
1.947,2383
1.948,2403
1.949,2415
1.950,2459
1.951,2395
1.952,2399
1.953,2435
1.954,2431
1.955,2451
1.956,2459
1.957,2475
1.958,2499
1.959,2487
1.960,2479
1.961,2511
1.962,2451
1.963,2563
1.964,2543
1.965,2535
1.966,2559
1.967,2555
1.968,2583
1.969,2579
1.970,2647
1.971,2579
1.972,2659
1.973,2599
1.974,2603
1.975,2659
1.976,2619
1.977,2647
1.978,2643
1.979,2675
1.980,2719
1.981,2707
1.982,2663
1.983,2675
1.984,2699
1.985,2747
1.986,2747
1.987,2779
1.988,2771
1.989,2723
1.990,2735
1.991,2803
1.992,2747
1.993,2787
1.994,2839
1.995,2839
1.996,2851
1.997,2803
1.998,2867
1.999,2855
2.000,4095
2.001,4095
2.002,4095
2.003,4095
2.004,4095
2.005,4095
2.006,4095
2.007,4095
2.008,4095
2.009,4095
2.010,4095
2.011,4095
2.012,4095
2.013,4095
2.014,4095
2.015,4095
2.016,4095
2.017,4095
2.018,4095
2.019,4095
2.020,4095
2.021,4095
2.022,4095
2.023,4095
2.024,4095
2.025,4095
2.026,4095
2.027,4095
2.028,4095
2.029,4095
2.030,4095
2.031,4095
2.032,4095
2.033,4095
2.034,4095
2.035,4095
2.036,4095
2.037,4095
2.038,4095
2.039,4095
2.040,4095
2.041,4095
2.042,4095
2.043,4095
2.044,4095
2.045,4095
2.046,4095
2.047,4095
2.048,4095
2.049,4095
2.050,4095
2.051,4095
2.052,4095
2.053,4095
2.054,4095
2.055,4095
2.056,4095
2.057,4095
2.058,4095
2.059,4095
2.060,4095
2.061,4095
2.062,4095
2.063,4095
2.064,4095
2.065,4095
2.066,4095
2.067,4095
2.068,4095
2.069,4095
2.070,4095
2.071,4095
2.072,4095
2.073,4095
2.074,4095
2.075,4095
2.076,4095
2.077,4095
2.078,4095
2.079,4095
2.080,4095
2.081,4095
2.082,4095
2.083,4095
2.084,4095
2.085,4095
2.086,4095
2.087,4095
2.088,4095
2.089,4095
2.090,4095
2.091,4095
2.092,4095
2.093,4095
2.094,4095
2.095,4095
2.096,4095
2.097,4095
2.098,4095
2.099,4095
2.100,4095
2.101,4095
2.102,4095
2.103,4095
2.104,4095
2.105,4095
2.106,4095
2.107,4095
2.108,4095
2.109,4095
2.110,4095
2.111,4095
2.112,4095
2.113,4095
2.114,4095
2.115,4095
2.116,4095
2.117,4095
2.118,4095
2.119,4095
2.120,4095
2.121,4095
2.122,4095
2.123,4095
2.124,4095
2.125,4095
2.126,4095
2.127,4095
2.128,4095
2.129,4095
2.130,4095
2.131,4095
2.132,4095
2.133,4095
2.134,4095
2.135,4095
2.136,4095
2.137,4095
2.138,4095
2.139,4095
2.140,4095
2.141,4095
2.142,4095
2.143,4095
2.144,4095
2.145,4095
2.146,4095
2.147,4095
2.148,4095
2.149,4095
2.150,4095
2.151,4095
2.152,4095
2.153,4095
2.154,4095
2.155,4095
2.156,4095
2.157,4095
2.158,4095
2.159,4095
2.160,4095
2.161,4095
2.162,4095
2.163,4095
2.164,4095
2.165,4095
2.166,4095
2.167,4095
2.168,4095
2.169,4095
2.170,4095
2.171,4095
2.172,4095
2.173,4095
2.174,4095
2.175,4095
2.176,4095
2.177,4095
2.178,4095
2.179,4095
2.180,4095
2.181,4095
2.182,4095
2.183,4095
2.184,4095
2.185,4095
2.186,4095
2.187,4095
2.188,4095
2.189,4095
2.190,4095
2.191,4095
2.192,4095
2.193,4095
2.194,4095
2.195,4095
2.196,4095
2.197,4095
2.198,4095
2.199,4095
2.200,4095
2.201,4095
2.202,4095
2.203,4095
2.204,4095
2.205,4095
2.206,4095
2.207,4095
2.208,4095
2.209,4095
2.210,4095
2.211,4095
2.212,4095
2.213,4095
2.214,4095
2.215,4095
2.216,4095
2.217,4095
2.218,4095
2.219,4095
2.220,4095
2.221,4095
2.222,4095
2.223,4095
2.224,4095
2.225,4095
2.226,4095
2.227,4095
2.228,4095
2.229,4095
2.230,4095
2.231,4095
2.232,4095
2.233,4095
2.234,4095
2.235,4095
2.236,4095
2.237,4095
2.238,4095
2.239,4095
2.240,4095
2.241,4095
2.242,4095
2.243,4095
2.244,4095
2.245,4095
2.246,4095
2.247,4095
2.248,4095
2.249,4095
2.250,4095
2.251,4095
2.252,4095
2.253,4095
2.254,4095
2.255,4095
2.256,4095
2.257,4095
2.258,4095
2.259,4095
2.260,4095
2.261,4095
2.262,4095
2.263,4095
2.264,4095
2.265,4095
2.266,4095
2.267,4095
2.268,4095
2.269,4095
2.270,4095
2.271,4095
2.272,4095
2.273,4095
2.274,4095
2.275,4095
2.276,4095
2.277,4095
2.278,4095
2.279,4095
2.280,4095
2.281,4095
2.282,4095
2.283,4095
2.284,4095
2.285,4095
2.286,4095
2.287,4095
2.288,4095
2.289,4095
2.290,4095
2.291,4095
2.292,4095
2.293,4095
2.294,4095
2.295,4095
2.296,4095
2.297,4095
2.298,4095
2.299,4095
2.300,4095
2.301,4095
2.302,4095
2.303,4095
2.304,4095
2.305,4095
2.306,4095
2.307,4095
2.308,4095
2.309,4095
2.310,4095
2.311,4095
2.312,4095
2.313,4095
2.314,4095
2.315,4095
2.316,4095
2.317,4095
2.318,4095
2.319,4095
2.320,4095
2.321,4095
2.322,4095
2.323,4095
2.324,4095
2.325,4095
2.326,4095
2.327,4095
2.328,4095
2.329,4095
2.330,4095
2.331,4095
2.332,4095
2.333,4095
2.334,4095
2.335,4095
2.336,4095
2.337,4095
2.338,4095
2.339,4095
2.340,4095
2.341,4095
2.342,4095
2.343,4095
2.344,4095
2.345,4095
2.346,4095
2.347,4095
2.348,4095
2.349,4095
2.350,4095
2.351,4095
2.352,4095
2.353,4095
2.354,4095
2.355,4095
2.356,4095
2.357,4095
2.358,4095
2.359,4095
2.360,4095
2.361,4095
2.362,4095
2.363,4095
2.364,4095
2.365,4095
2.366,4095
2.367,4095
2.368,4095
2.369,4095
2.370,4095
2.371,4095
2.372,4095
2.373,4095
2.374,4095
2.375,4095
2.376,4095
2.377,4095
2.378,4095
2.379,4095
2.380,4095
2.381,4095
2.382,4095
2.383,4095
2.384,4095
2.385,4095
2.386,4095
2.387,4095
2.388,4095
2.389,4095
2.390,4095
2.391,4095
2.392,4095
2.393,4095
2.394,4095
2.395,4095
2.396,4095
2.397,4095
2.398,4095
2.399,4095
2.400,4095
2.401,4095
2.402,4095
2.403,4095
2.404,4095
2.405,4095
2.406,4095
2.407,4095
2.408,4095
2.409,4095
2.410,4095
2.411,4095
2.412,4095
2.413,4095
2.414,4095
2.415,4095
2.416,4095
2.417,4095
2.418,4095
2.419,4095
2.420,4095
2.421,4095
2.422,4095
2.423,4095
2.424,4095
2.425,4095
2.426,4095
2.427,4095
2.428,4095
2.429,4095
2.430,4095
2.431,4095
2.432,4095
2.433,4095
2.434,4095
2.435,4095
2.436,4095
2.437,4095
2.438,4095
2.439,4095
2.440,4095
2.441,4095
2.442,4095
2.443,4095
2.444,4095
2.445,4095
2.446,4095
2.447,4095
2.448,4095
2.449,4095
2.450,4095
2.451,4095
2.452,4095
2.453,4095
2.454,4095
2.455,4095
2.456,4095
2.457,4095
2.458,4095
2.459,4095
2.460,4095
2.461,4095
2.462,4095
2.463,4095
2.464,4095
2.465,4095
2.466,4095
2.467,4095
2.468,4095
2.469,4095
2.470,4095
2.471,4095
2.472,4095
2.473,4095
2.474,4095
2.475,4095
2.476,4095
2.477,4095
2.478,4095
2.479,4095
2.480,4095
2.481,4095
2.482,4095
2.483,4095
2.484,4095
2.485,4095
2.486,4095
2.487,4095
2.488,4095
2.489,4095
2.490,4095
2.491,4095
2.492,4095
2.493,4095
2.494,4095
2.495,4095
2.496,4095
2.497,4095
2.498,4095
2.499,4095
2.501,2235
2.502,2271
2.503,2263
2.504,2279
2.505,2287
2.506,2263
2.507,2267
2.508,2243
2.509,2219
2.510,2299
2.511,2275
2.512,2291
2.513,2263
2.514,2247
2.515,2267
2.516,2279
2.517,2323
2.518,2267
2.519,2319
2.520,2291
2.521,2287
2.522,2299
2.523,2307
2.524,2323
2.525,2319
2.526,2315
2.527,2291
2.528,2311
2.529,2347
2.530,2315
2.531,2351
2.532,2351
2.533,2331
2.534,2343
2.535,2351
2.536,2375
2.537,2335
2.538,2391
2.539,2343
2.540,2311
2.541,2359
2.542,2347
2.543,2351
2.544,2363
2.545,2419
2.546,2359
2.547,2403
2.548,2339
2.549,2387
2.550,2379
2.551,2323
2.552,2355
2.553,2407
2.554,2395
2.555,2347
2.556,2383
2.557,2423
2.558,2391
2.559,2383
2.560,2359
2.561,2423
2.562,2379
2.563,2403
2.564,2363
2.565,2455
2.566,2411
2.567,2407
2.568,2379
2.569,2427
2.570,2439
2.571,2423
2.572,2419
2.573,2411
2.574,2395
2.575,2351
2.576,2439
2.577,2403
2.578,2375
2.579,2403
2.580,2483
2.581,2387
2.582,2419
2.583,2375
2.584,2419
2.585,2427
2.586,2399
2.587,2391
2.588,2351
2.589,2395
2.590,2395
2.591,2403
2.592,2403
2.593,2419
2.594,2379
2.595,2431
2.596,2427
2.597,2407
2.598,2343
2.599,2367
2.600,2411
2.601,2375
2.602,2371
2.603,2391
2.604,2379
2.605,2347
2.606,2391
2.607,2383
2.608,2355
2.609,2371
2.610,2363
2.611,2379
2.612,2355
2.613,2367
2.614,2367
2.615,2415
2.616,2371
2.617,2351
2.618,2319
2.619,2363
2.620,2347
2.621,2287
2.622,2307
2.623,2303
2.624,2399
2.625,2287
2.626,2355
2.627,2319
2.628,2335
2.629,2303
2.630,2247
2.631,2311
2.632,2291
2.633,2303
2.634,2263
2.635,2327
2.636,2323
2.637,2247
2.638,2303
2.639,2287
2.640,2299
2.641,2267
2.642,2311
2.643,2291
2.644,2251
2.645,2271
2.646,2235
2.647,2319
2.648,2263
2.649,2255
2.650,2179
2.651,2203
2.652,2231
2.653,2255
2.654,2267
2.655,2287
2.656,2251
2.657,2223
2.658,2247
2.659,2255
2.660,2227
2.661,2247
2.662,2211
2.663,2223
2.664,2247
2.665,2215
2.666,2227
2.667,2227
2.668,2243
2.669,2227
2.670,2235
2.671,2191
2.672,2223
2.673,2175
2.674,2251
2.675,2235
2.676,2187
2.677,2195
2.678,2183
2.679,2259
2.680,2211
2.681,2211
2.682,2195
2.683,2223
2.684,2211
2.685,2139
2.686,2199
2.687,2231
2.688,2239
2.689,2215
2.690,2167
2.691,2215
2.692,2151
2.693,2187
2.694,2163
2.695,2223
2.696,2251
2.697,2195
2.698,2235
2.699,2251
2.700,2231
2.701,2191
2.702,2155
2.703,2207
2.704,2171
2.705,2191
2.706,2191
2.707,2215
2.708,2203
2.709,2179
2.710,2183
2.711,2183
2.712,2155
2.713,2175
2.714,2163
2.715,2247
2.716,2223
2.717,2235
2.718,2199
2.719,2183
2.720,2227
2.721,2175
2.722,2231
2.723,2215
2.724,2223
2.725,2195
2.726,2227
2.727,2247
2.728,2227
2.729,2211
2.730,2255
2.731,2223
2.732,2215
2.733,2243
2.734,2271
2.735,2243
2.736,2275
2.737,2227
2.738,2251
2.739,2243
2.740,2255
2.741,2199
2.742,2315
2.743,2275
2.744,2271
2.745,2287
2.746,2255
2.747,2275
2.748,2247
2.749,2247
2.750,2307
2.751,2319
2.752,2307
2.753,2311
2.754,2331
2.755,2303
2.756,2347
2.757,2295
2.758,2327
2.759,2343
2.760,2311
2.761,2363
2.762,2367
2.763,2363
2.764,2391
2.765,2331
2.766,2403
2.767,2443
2.768,2375
2.769,2427
2.770,2427
2.771,2431
2.772,2415
2.773,2459
2.774,2467
2.775,2467
2.776,2499
2.777,2483
2.778,2483
2.779,2463
2.780,2551
2.781,2471
2.782,2511
2.783,2519
2.784,2519
2.785,2587
2.786,2539
2.787,2491
2.788,2563
2.789,2543
2.790,2599
2.791,2615
2.792,2579
2.793,2647
2.794,2611
2.795,2623
2.796,2679
2.797,2663
2.798,2675
2.799,2735
2.800,2675
2.801,2739
2.802,2735
2.803,2727
2.804,2759
2.805,2779
2.806,2783
2.807,2815
2.808,2775
2.809,2867
2.810,2835
2.811,2851
2.812,2931
2.813,2883
2.814,2903
2.815,2847
2.816,2895
2.817,2911
2.818,2875
2.819,2939
2.820,2971
2.821,2951
2.822,2991
2.823,2955
2.824,2971
2.825,2995
2.826,2975
2.827,2975
2.828,3007
2.829,2987
2.830,2955
2.831,2999
2.832,3023
2.833,2987
2.834,2971
2.835,2967
2.836,2963
2.837,2963
2.838,2971
2.839,3019
2.840,3007
2.841,2963
2.842,2971
2.843,2939
2.844,2919
2.845,2951
2.846,2931
2.847,2919
2.848,2943
2.849,2951
2.850,2899
2.851,2895
2.852,2875
2.853,2875
2.854,2867
2.855,2879
2.856,2799
2.857,2859
2.858,2767
2.859,2767
2.860,2815
2.861,2739
2.862,2767
2.863,2779
2.864,2735
2.865,2711
2.866,2707
2.867,2715
2.868,2743
2.869,2655
2.870,2663
2.871,2619
2.872,2667
2.873,2639
2.874,2659
2.875,2631
2.876,2559
2.877,2559
2.878,2595
2.879,2595
2.880,2567
2.881,2563
2.882,2571
2.883,2503
2.884,2571
2.885,2563
2.886,2499
2.887,2463
2.888,2471
2.889,2523
2.890,2475
2.891,2479
2.892,2463
2.893,2439
2.894,2467
2.895,2387
2.896,2439
2.897,2451
2.898,2451
2.899,2435
2.900,2407
2.901,2439
2.902,2403
2.903,2391
2.904,2383
2.905,2379
2.906,2395
2.907,2387
2.908,2383
2.909,2427
2.910,2387
2.911,2307
2.912,2359
2.913,2363
2.914,2363
2.915,2331
2.916,2303
2.917,2335
2.918,2323
2.919,2355
2.920,2347
2.921,2331
2.922,2359
2.923,2311
2.924,2295
2.925,2247
2.926,2275
2.927,2319
2.928,2291
2.929,2259
2.930,2319
2.931,2347
2.932,2295
2.933,2323
2.934,2299
2.935,2271
2.936,2259
2.937,2279
2.938,2319
2.939,2259
2.940,2295
2.941,2311
2.942,2339
2.943,2287
2.944,2359
2.945,2327
2.946,2299
2.947,2295
2.948,2343
2.949,2239
2.950,2315
2.951,2275
2.952,2323
2.953,2287
2.954,2347
2.955,2319
2.956,2331
2.957,2271
2.958,2319
2.959,2275
2.960,2291
2.961,2315
2.962,2307
2.963,2295
2.964,2399
2.965,2303
2.966,2339
2.967,2319
2.968,2323
2.969,2307
2.970,2319
2.971,2315
2.972,2327
2.973,2279
2.974,2371
2.975,2275
2.976,2271
2.977,2347
2.978,2355
2.979,2311
2.980,2315
2.981,2331
2.982,2263
2.983,2379
2.984,2339
2.985,2295
2.986,2323
2.987,2303
2.988,2299
2.989,2363
2.990,2339
2.991,2323
2.992,2335
2.993,2347
2.994,2379
2.995,2351
2.996,2283
2.997,2319
2.998,2355
2.999,2351
3.000,2383
3.001,2359
3.002,2323
3.003,2355
3.004,2339
3.005,2399
3.006,2403
3.007,2383
3.008,2339
3.009,2359
3.010,2343
3.011,2383
3.012,2319
3.013,2407
3.014,2351
3.015,2395
3.016,2359
3.017,2403
3.018,2359
3.019,2395
3.020,2399
3.021,2387
3.022,2391
3.023,2387
3.024,2391
3.025,2395
3.026,2339
3.027,2339
3.028,2383
3.029,2407
3.030,2403
3.031,2411
3.032,2407
3.033,2395
3.034,2395
3.035,2347
3.036,2383
3.037,2359
3.038,2387
3.039,2423
3.040,2395
3.041,2411
3.042,2419
3.043,2451
3.044,2423
3.045,2439
3.046,2431
3.047,2395
3.048,2415
3.049,2423
3.050,2411
3.051,2443
3.052,2435
3.053,2451
3.054,2423
3.055,2431
3.056,2439
3.057,2475
3.058,2423
3.059,2427
3.060,2387
3.061,2427
3.062,2463
3.063,2475
3.064,2443
3.065,2455
3.066,2407
3.067,2407
3.068,2427
3.069,2451
3.070,2483
3.071,2423
3.072,2351
3.073,2455
3.074,2427
3.075,2395
3.076,2423
3.077,2399
3.078,2475
3.079,2435
3.080,2415
3.081,2391
3.082,2455
3.083,2483
3.084,2427
3.085,2375
3.086,2435
3.087,2463
3.088,2407
3.089,2407
3.090,2435
3.091,2423
3.092,2415
3.093,2391
3.094,2451
3.095,2411
3.096,2447
3.097,2443
3.098,2411
3.099,2439
3.100,2435
3.101,2423
3.102,2427
3.103,2379
3.104,2387
3.105,2427
3.106,2423
3.107,2423
3.108,2423
3.109,2395
3.110,2387
3.111,2439
3.112,2395
3.113,2419
3.114,2383
3.115,2379
3.116,2371
3.117,2363
3.118,2395
3.119,2343
3.120,2375
3.121,2383
3.122,2359
3.123,2399
3.124,2347
3.125,2347
3.126,2367
3.127,2375
3.128,2323
3.129,2367
3.130,2375
3.131,2323
3.132,2323
3.133,2343
3.134,2319
3.135,2339
3.136,2339
3.137,2331
3.138,2319
3.139,2367
3.140,2327
3.141,2331
3.142,2335
3.143,2303
3.144,2375
3.145,2351
3.146,2367
3.147,2339
3.148,2327
3.149,2303
3.150,2331
3.151,2303
3.152,2339
3.153,2291
3.154,2359
3.155,2327
3.156,2363
3.157,2323
3.158,2319
3.159,2323
3.160,2367
3.161,2343
3.162,2347
3.163,2391
3.164,2363
3.165,2371
3.166,2343
3.167,2331
3.168,2339
3.169,2331
3.170,2339
3.171,2363
3.172,2351
3.173,2347
3.174,2351
3.175,2355
3.176,2347
3.177,2387
3.178,2371
3.179,2303
3.180,2347
3.181,2383
3.182,2359
3.183,2367
3.184,2383
3.185,2383
3.186,2383
3.187,2359
3.188,2387
3.189,2407
3.190,2379
3.191,2367
3.192,2399
3.193,2367
3.194,2371
3.195,2363
3.196,2443
3.197,2463
3.198,2371
3.199,2383
3.200,2311
3.201,2411
3.202,2347
3.203,2391
3.204,2427
3.205,2411
3.206,2411
3.207,2431
3.208,2411
3.209,2383
3.210,2415
3.211,2395
3.212,2411
3.213,2435
3.214,2391
3.215,2355
3.216,2411
3.217,2403
3.218,2443
3.219,2331
3.220,2419
3.221,2355
3.222,2399
3.223,2383
3.224,2359
3.225,2335
3.226,2375
3.227,2367
3.228,2347
3.229,2371
3.230,2379
3.231,2359
3.232,2383
3.233,2303
3.234,2315
3.235,2295
3.236,2283
3.237,2311
3.238,2335
3.239,2299
3.240,2307
3.241,2303
3.242,2307
3.243,2275
3.244,2263
3.245,2271
3.246,2299
3.247,2251
3.248,2191
3.249,2231
3.250,2267
3.251,2215
3.252,2167
3.253,2247
3.254,2227
3.255,2219
3.256,2183
3.257,2255
3.258,2227
3.259,2211
3.260,2231
3.261,2199
3.262,2179
3.263,2231
3.264,2211
3.265,2199
3.266,2175
3.267,2179
3.268,2231
3.269,2223
3.270,2171
3.271,2235
3.272,2251
3.273,2235
3.274,2227
3.275,2259
3.276,2247
3.277,2259
3.278,2255
3.279,2307
3.280,2243
3.281,2255
3.282,2231
3.283,2207
3.284,2255
3.285,2251
3.286,2263
3.287,2255
3.288,2319
3.289,2271
3.290,2299
3.291,2299
3.292,2247
3.293,2279
3.294,2275
3.295,2339
3.296,2303
3.297,2267
3.298,2247
3.299,2299
3.300,2263
3.301,2303
3.302,2283
3.303,2307
3.304,2315
3.305,2243
3.306,2299
3.307,2295
3.308,2279
3.309,2307
3.310,2303
3.311,2323
3.312,2347
3.313,2283
3.314,2267
3.315,2319
3.316,2291
3.317,2279
3.318,2331
3.319,2287
3.320,2307
3.321,2323
3.322,2307
3.323,2283
3.324,2335
3.325,2299
3.326,2259
3.327,2311
3.328,2315
3.329,2279
3.330,2283
3.331,2291
3.332,2291
3.333,2287
3.334,2375
3.335,2283
3.336,2355
3.337,2351
3.338,2319
3.339,2307
3.340,2319
3.341,2291
3.342,2327
3.343,2331
3.344,2363
3.345,2347
3.346,2323
3.347,2331
3.348,2311
3.349,2351
3.350,2359
3.351,2375
3.352,2299
3.353,2331
3.354,2307
3.355,2319
3.356,2379
3.357,2347
3.358,2339
3.359,2347
3.360,2371
3.361,2323
3.362,2399
3.363,2347
3.364,2295
3.365,2331
3.366,2295
3.367,2347
3.368,2343
3.369,2359
3.370,2339
3.371,2331
3.372,2291
3.373,2355
3.374,2347
3.375,2315
3.376,2319
3.377,2279
3.378,2359
3.379,2303
3.380,2323
3.381,2307
3.382,2279
3.383,2327
3.384,2355
3.385,2319
3.386,2327
3.387,2311
3.388,2335
3.389,2343
3.390,2327
3.391,2315
3.392,2355
3.393,2335
3.394,2331
3.395,2315
3.396,2311
3.397,2315
3.398,2379
3.399,2331
3.400,2323
3.401,2331
3.402,2327
3.403,2319
3.404,2331
3.405,2303
3.406,2299
3.407,2283
3.408,2291
3.409,2295
3.410,2355
3.411,2335
3.412,2295
3.413,2335
3.414,2287
3.415,2279
3.416,2271
3.417,2331
3.418,2287
3.419,2279
3.420,2259
3.421,2299
3.422,2255
3.423,2251
3.424,2319
3.425,2315
3.426,2287
3.427,2319
3.428,2271
3.429,2331
3.430,2311
3.431,2267
3.432,2263
3.433,2295
3.434,2227
3.435,2295
3.436,2267
3.437,2275
3.438,2263
3.439,2263
3.440,2311
3.441,2327
3.442,2259
3.443,2299
3.444,2291
3.445,2335
3.446,2295
3.447,2267
3.448,2283
3.449,2319
3.450,2259
3.451,2255
3.452,2291
3.453,2239
3.454,2259
3.455,2287
3.456,2211
3.457,2267
3.458,2259
3.459,2271
3.460,2247
3.461,2223
3.462,2255
3.463,2247
3.464,2263
3.465,2231
3.466,2235
3.467,2263
3.468,2239
3.469,2279
3.470,2259
3.471,2251
3.472,2279
3.473,2219
3.474,2239
3.475,2207
3.476,2235
3.477,2211
3.478,2223
3.479,2215
3.480,2251
3.481,2195
3.482,2227
3.483,2207
3.484,2227
3.485,2187
3.486,2203
3.487,2235
3.488,2263
3.489,2211
3.490,2235
3.491,2235
3.492,2231
3.493,2195
3.494,2167
3.495,2271
3.496,2215
3.497,2203
3.498,2203
3.499,2219
3.500,2187
3.501,2191
3.502,2223
3.503,2215
3.504,2219
3.505,2183
3.506,2179
3.507,2207
3.508,2199
3.509,2179
3.510,2219
3.511,2195
3.512,2163
3.513,2227
3.514,2139
3.515,2215
3.516,2167
3.517,2215
3.518,2135
3.519,2183
3.520,2175
3.521,2175
3.522,2163
3.523,2159
3.524,2175
3.525,2163
3.526,2211
3.527,2211
3.528,2171
3.529,2143
3.530,2203
3.531,2219
3.532,2227
3.533,2155
3.534,2155
3.535,2179
3.536,2231
3.537,2211
3.538,2187
3.539,2207
3.540,2131
3.541,2223
3.542,2183
3.543,2139
3.544,2167
3.545,2183
3.546,2155
3.547,2183
3.548,2207
3.549,2207
3.550,2163
3.551,2227
3.552,2207
3.553,2215
3.554,2259
3.555,2219
3.556,2239
3.557,2243
3.558,2247
3.559,2263
3.560,2239
3.561,2259
3.562,2239
3.563,2243
3.564,2235
3.565,2243
3.566,2283
3.567,2243
3.568,2291
3.569,2279
3.570,2311
3.571,2315
3.572,2327
3.573,2327
3.574,2363
3.575,2359
3.576,2343
3.577,2335
3.578,2375
3.579,2359
3.580,2371
3.581,2423
3.582,2415
3.583,2423
3.584,2427
3.585,2423
3.586,2427
3.587,2495
3.588,2507
3.589,2471
3.590,2539
3.591,2455
3.592,2519
3.593,2487
3.594,2499
3.595,2499
3.596,2575
3.597,2547
3.598,2539
3.599,2563
3.600,2551
3.601,2555
3.602,2559
3.603,2563
3.604,2619
3.605,2663
3.606,2627
3.607,2671
3.608,2615
3.609,2631
3.610,2707
3.611,2731
3.612,2667
3.613,2671
3.614,2679
3.615,2687
3.616,2711
3.617,2691
3.618,2743
3.619,2731
3.620,2739
3.621,2687
3.622,2735
3.623,2747
3.624,2807
3.625,2763
3.626,2807
3.627,2755
3.628,2819
3.629,2827
3.630,2855
3.631,2859
3.632,2847
3.633,2843
3.634,2871
3.635,2855
3.636,2847
3.637,2875
3.638,2863
3.639,2931
3.640,2903
3.641,2855
3.642,2867
3.643,2859
3.644,2871
3.645,2891
3.646,2899
3.647,2879
3.648,2907
3.649,2851
3.650,2875
3.651,2855
3.652,2887
3.653,2891
3.654,2859
3.655,2899
3.656,2891
3.657,2879
3.658,2911
3.659,2859
3.660,2915
3.661,2807
3.662,2855
3.663,2827
3.664,2831
3.665,2839
3.666,2843
3.667,2851
3.668,2815
3.669,2819
3.670,2823
3.671,2759
3.672,2807
3.673,2767
3.674,2779
3.675,2783
3.676,2747
3.677,2671
3.678,2723
3.679,2735
3.680,2751
3.681,2723
3.682,2723
3.683,2695
3.684,2687
3.685,2719
3.686,2691
3.687,2659
3.688,2619
3.689,2667
3.690,2627
3.691,2663
3.692,2639
3.693,2639
3.694,2631
3.695,2599
3.696,2575
3.697,2599
3.698,2555
3.699,2563
3.700,2567
3.701,2591
3.702,2539
3.703,2535
3.704,2559
3.705,2591
3.706,2547
3.707,2507
3.708,2491
3.709,2515
3.710,2503
3.711,2491
3.712,2503
3.713,2495
3.714,2511
3.715,2495
3.716,2495
3.717,2447
3.718,2419
3.719,2427
3.720,2471
3.721,2387
3.722,2407
3.723,2383
3.724,2399
3.725,2339
3.726,2359
3.727,2435
3.728,2435
3.729,2399
3.730,2367
3.731,2387
3.732,2347
3.733,2355
3.734,2383
3.735,2399
3.736,2339
3.737,2331
3.738,2403
3.739,2327
3.740,2343
3.741,2331
3.742,2291
3.743,2283
3.744,2371
3.745,2335
3.746,2303
3.747,2271
3.748,2279
3.749,2315
3.750,2299
3.751,2307
3.752,2315
3.753,2303
3.754,2263
3.755,2315
3.756,2291
3.757,2271
3.758,2323
3.759,2315
3.760,2279
3.761,2219
3.762,2319
3.763,2287
3.764,2255
3.765,2267
3.766,2259
3.767,2279
3.768,2251
3.769,2323
3.770,2267
3.771,2311
3.772,2279
3.773,2255
3.774,2279
3.775,2283
3.776,2291
3.777,2275
3.778,2259
3.779,2327
3.780,2287
3.781,2355
3.782,2303
3.783,2315
3.784,2295
3.785,2287
3.786,2283
3.787,2311
3.788,2303
3.789,2295
3.790,2347
3.791,2363
3.792,2327
3.793,2291
3.794,2395
3.795,2339
3.796,2319
3.797,2311
3.798,2279
3.799,2339
3.800,2379
3.801,2339
3.802,2355
3.803,2387
3.804,2343
3.805,2311
3.806,2327
3.807,2359
3.808,2319
3.809,2351
3.810,2379
3.811,2319
3.812,2347
3.813,2355
3.814,2367
3.815,2379
3.816,2387
3.817,2371
3.818,2367
3.819,2351
3.820,2403
3.821,2315
3.822,2347
3.823,2359
3.824,2367
3.825,2359
3.826,2371
3.827,2387
3.828,2315
3.829,2383
3.830,2351
3.831,2375
3.832,2407
3.833,2307
3.834,2331
3.835,2367
3.836,2363
3.837,2371
3.838,2375
3.839,2431
3.840,2359
3.841,2375
3.842,2355
3.843,2347
3.844,2367
3.845,2331
3.846,2375
3.847,2399
3.848,2351
3.849,2327
3.850,2359
3.851,2371
3.852,2379
3.853,2375
3.854,2387
3.855,2375
3.856,2371
3.857,2383
3.858,2383
3.859,2351
3.860,2351
3.861,2359
3.862,2379
3.863,2367
3.864,2359
3.865,2371
3.866,2399
3.867,2383
3.868,2443
3.869,2407
3.870,2387
3.871,2391
3.872,2359
3.873,2391
3.874,2387
3.875,2399
3.876,2387
3.877,2387
3.878,2355
3.879,2371
3.880,2371
3.881,2387
3.882,2387
3.883,2415
3.884,2403
3.885,2387
3.886,2403
3.887,2363
3.888,2331
3.889,2407
3.890,2439
3.891,2371
3.892,2395
3.893,2387
3.894,2363
3.895,2435
3.896,2431
3.897,2367
3.898,2407
3.899,2363
3.900,2395
3.901,2395
3.902,2443
3.903,2415
3.904,2403
3.905,2403
3.906,2447
3.907,2395
3.908,2375
3.909,2355
3.910,2371
3.911,2379
3.912,2395
3.913,2375
3.914,2363
3.915,2387
3.916,2411
3.917,2395
3.918,2355
3.919,2379
3.920,2347
3.921,2391
3.922,2355
3.923,2447
3.924,2387
3.925,2391
3.926,2391
3.927,2383
3.928,2403
3.929,2383
3.930,2355
3.931,2383
3.932,2403
3.933,2431
3.934,2399
3.935,2427
3.936,2375
3.937,2359
3.938,2375
3.939,2407
3.940,2387
3.941,2415
3.942,2423
3.943,2379
3.944,2431
3.945,2375
3.946,2339
3.947,2387
3.948,2403
3.949,2447
3.950,2367
3.951,2443
3.952,2419
3.953,2411
3.954,2403
3.955,2391
3.956,2407
3.957,2419
3.958,2411
3.959,2387
3.960,2403
3.961,2395
3.962,2347
3.963,2415
3.964,2403
3.965,2427
3.966,2359
3.967,2411
3.968,2435
3.969,2395
3.970,2371
3.971,2383
3.972,2375
3.973,2359
3.974,2395
3.975,2463
3.976,2391
3.977,2423
3.978,2355
3.979,2327
3.980,2319
3.981,2375
3.982,2327
3.983,2379
3.984,2363
3.985,2355
3.986,2331
3.987,2355
3.988,2283
3.989,2347
3.990,2331
3.991,2351
3.992,2271
3.993,2331
3.994,2279
3.995,2327
3.996,2259
3.997,2335
3.998,2311
3.999,2331
4.000,2275
4.001,2295
4.002,2323
4.003,2307
4.004,2279
4.005,2279
4.006,2271
4.007,2295
4.008,2283
4.009,2311
4.010,2279
4.011,2299
4.012,2287
4.013,2347
4.014,2327
4.015,2327
4.016,2359
4.017,2327
4.018,2307
4.019,2327
4.020,2335
4.021,2299
4.022,2319
4.023,2303
4.024,2299
4.025,2391
4.026,2359
4.027,2323
4.028,2323
4.029,2327
4.030,2367
4.031,2347
4.032,2363
4.033,2367
4.034,2367
4.035,2331
4.036,2391
4.037,2319
4.038,2395
4.039,2379
4.040,2387
4.041,2347
4.042,2347
4.043,2355
4.044,2419
4.045,2379
4.046,2347
4.047,2343
4.048,2391
4.049,2379
4.050,2347
4.051,2303
4.052,2315
4.053,2339
4.054,2391
4.055,2351
4.056,2343
4.057,2367
4.058,2327
4.059,2319
4.060,2351
4.061,2355
4.062,2331
4.063,2307
4.064,2303
4.065,2351
4.066,2311
4.067,2311
4.068,2283
4.069,2323
4.070,2315
4.071,2275
4.072,2331
4.073,2303
4.074,2311
4.075,2339
4.076,2355
4.077,2299
4.078,2303
4.079,2327
4.080,2379
4.081,2343
4.082,2271
4.083,2283
4.084,2263
4.085,2275
4.086,2311
4.087,2303
4.088,2271
4.089,2291
4.090,2235
4.091,2235
4.092,2331
4.093,2267
4.094,2271
4.095,2267
4.096,2295
4.097,2287
4.098,2271
4.099,2263
4.100,2275
4.101,2263
4.102,2259
4.103,2235
4.104,2263
4.105,2279
4.106,2307
4.107,2219
4.108,2231
4.109,2243
4.110,2251
4.111,2231
4.112,2299
4.113,2255
4.114,2283
4.115,2271
4.116,2307
4.117,2267
4.118,2247
4.119,2279
4.120,2243
4.121,2271
4.122,2283
4.123,2263
4.124,2303
4.125,2275
4.126,2323
4.127,2251
4.128,2263
4.129,2271
4.130,2239
4.131,2259
4.132,2311
4.133,2283
4.134,2307
4.135,2355
4.136,2323
4.137,2331
4.138,2335
4.139,2303
4.140,2311
4.141,2323
4.142,2299
4.143,2315
4.144,2343
4.145,2347
4.146,2343
4.147,2327
4.148,2351
4.149,2323
4.150,2331
4.151,2347
4.152,2343
4.153,2343
4.154,2335
4.155,2355
4.156,2387
4.157,2343
4.158,2323
4.159,2399
4.160,2307
4.161,2359
4.162,2343
4.163,2331
4.164,2339
4.165,2383
4.166,2335
4.167,2371
4.168,2327
4.169,2323
4.170,2351
4.171,2363
4.172,2315
4.173,2343
4.174,2299
4.175,2339
4.176,2367
4.177,2351
4.178,2379
4.179,2319
4.180,2343
4.181,2319
4.182,2375
4.183,2331
4.184,2347
4.185,2355
4.186,2347
4.187,2319
4.188,2367
4.189,2363
4.190,2343
4.191,2355
4.192,2343
4.193,2371
4.194,2351
4.195,2371
4.196,2291
4.197,2371
4.198,2307
4.199,2355
4.200,2331
4.201,2343
4.202,2343
4.203,2343
4.204,2359
4.205,2303
4.206,2319
4.207,2351
4.208,2335
4.209,2375
4.210,2311
4.211,2347
4.212,2311
4.213,2383
4.214,2351
4.215,2327
4.216,2347
4.217,2347
4.218,2351
4.219,2375
4.220,2383
4.221,2383
4.222,2367
4.223,2383
4.224,2399
4.225,2395
4.226,2367
4.227,2355
4.228,2359
4.229,2379
4.230,2359
4.231,2431
4.232,2391
4.233,2387
4.234,2339
4.235,2351
4.236,2319
4.237,2427
4.238,2427
4.239,2407
4.240,2371
4.241,2399
4.242,2375
4.243,2371
4.244,2403
4.245,2315
4.246,2387
4.247,2371
4.248,2375
4.249,2355
4.250,2351
4.251,2355
4.252,2339
4.253,2339
4.254,2343
4.255,2347
4.256,2351
4.257,2347
4.258,2311
4.259,2399
4.260,2371
4.261,2351
4.262,2323
4.263,2331
4.264,2375
4.265,2323
4.266,2303
4.267,2319
4.268,2315
4.269,2311
4.270,2271
4.271,2291
4.272,2275
4.273,2355
4.274,2295
4.275,2311
4.276,2323
4.277,2279
4.278,2295
4.279,2295
4.280,2275
4.281,2295
4.282,2283
4.283,2291
4.284,2251
4.285,2247
4.286,2259
4.287,2279
4.288,2195
4.289,2263
4.290,2247
4.291,2267
4.292,2223
4.293,2259
4.294,2295
4.295,2227
4.296,2211
4.297,2255
4.298,2247
4.299,2223
4.300,2191
4.301,2227
4.302,2247
4.303,2191
4.304,2207
4.305,2243
4.306,2251
4.307,2271
4.308,2227
4.309,2299
4.310,2263
4.311,2215
4.312,2199
4.313,2235
4.314,2239
4.315,2271
4.316,2311
4.317,2259
4.318,2219
4.319,2255
4.320,2283
4.321,2247
4.322,2271
4.323,2291
4.324,2267
4.325,2235
4.326,2251
4.327,2227
4.328,2299
4.329,2275
4.330,2251
4.331,2271
4.332,2295
4.333,2315
4.334,2275
4.335,2267
4.336,2327
4.337,2295
4.338,2303
4.339,2287
4.340,2279
4.341,2307
4.342,2319
4.343,2275
4.344,2263
4.345,2275
4.346,2283
4.347,2279
4.348,2271
4.349,2311
4.350,2335
4.351,2303
4.352,2339
4.353,2287
4.354,2263
4.355,2331
4.356,2319
4.357,2295
4.358,2299
4.359,2287
4.360,2295
4.361,2271
4.362,2315
4.363,2271
4.364,2283
4.365,2311
4.366,2275
4.367,2295
4.368,2299
4.369,2279
4.370,2279
4.371,2335
4.372,2331
4.373,2295
4.374,2243
4.375,2259
4.376,2327
4.377,2287
4.378,2287
4.379,2267
4.380,2299
4.381,2283
4.382,2243
4.383,2259
4.384,2307
4.385,2315
4.386,2335
4.387,2311
4.388,2311
4.389,2291
4.390,2319
4.391,2299
4.392,2247
4.393,2295
4.394,2359
4.395,2343
4.396,2303
4.397,2347
4.398,2315
4.399,2347
4.400,2315
4.401,2371
4.402,2395
4.403,2331
4.404,2327
4.405,2339
4.406,2435
4.407,2375
4.408,2375
4.409,2347
4.410,2403
4.411,2379
4.412,2431
4.413,2431
4.414,2415
4.415,2419
4.416,2463
4.417,2439
4.418,2483
4.419,2435
4.420,2439
4.421,2495
4.422,2491
4.423,2531
4.424,2503
4.425,2587
4.426,2575
4.427,2515
4.428,2531
4.429,2571
4.430,2567
4.431,2567
4.432,2547
4.433,2599
4.434,2587
4.435,2623
4.436,2659
4.437,2639
4.438,2655
4.439,2623
4.440,2707
4.441,2647
4.442,2651
4.443,2647
4.444,2687
4.445,2663
4.446,2691
4.447,2727
4.448,2727
4.449,2711
4.450,2683
4.451,2723
4.452,2763
4.453,2759
4.454,2747
4.455,2767
4.456,2775
4.457,2759
4.458,2759
4.459,2783
4.460,2715
4.461,2767
4.462,2763
4.463,2803
4.464,2803
4.465,2835
4.466,2783
4.467,2851
4.468,2783
4.469,2735
4.470,2823
4.471,2835
4.472,2775
4.473,2799
4.474,2783
4.475,2775
4.476,2779
4.477,2775
4.478,2807
4.479,2727
4.480,2811
4.481,2763
4.482,2759
4.483,2715
4.484,2763
4.485,2783
4.486,2719
4.487,2731
4.488,2747
4.489,2739
4.490,2755
4.491,2751
4.492,2687
4.493,2731
4.494,2795
4.495,2767
4.496,2639
4.497,2683
4.498,2715
4.499,2735
4.500,2687
4.501,2731
4.502,2687
4.503,2667
4.504,2707
4.505,2671
4.506,2719
4.507,2659
4.508,2711
4.509,2647
4.510,2659
4.511,2667
4.512,2631
4.513,2599
4.514,2647
4.515,2615
4.516,2659
4.517,2651
4.518,2635
4.519,2623
4.520,2607
4.521,2599
4.522,2587
4.523,2611
4.524,2587
4.525,2579
4.526,2579
4.527,2587
4.528,2567
4.529,2587
4.530,2519
4.531,2547
4.532,2551
4.533,2527
4.534,2575
4.535,2531
4.536,2483
4.537,2571
4.538,2511
4.539,2523
4.540,2539
4.541,2475
4.542,2495
4.543,2511
4.544,2495
4.545,2491
4.546,2531
4.547,2447
4.548,2499
4.549,2435
4.550,2499
4.551,2479
4.552,2443
4.553,2475
4.554,2483
4.555,2403
4.556,2411
4.557,2415
4.558,2443
4.559,2403
4.560,2415
4.561,2403
4.562,2479
4.563,2459
4.564,2407
4.565,2387
4.566,2399
4.567,2415
4.568,2431
4.569,2391
4.570,2407
4.571,2403
4.572,2415
4.573,2435
4.574,2403
4.575,2367
4.576,2343
4.577,2403
4.578,2351
4.579,2387
4.580,2363
4.581,2363
4.582,2427
4.583,2407
4.584,2371
4.585,2391
4.586,2427
4.587,2399
4.588,2391
4.589,2379
4.590,2375
4.591,2351
4.592,2379
4.593,2387
4.594,2391
4.595,2383
4.596,2427
4.597,2399
4.598,2391
4.599,2391
4.600,2363
4.601,2407
4.602,2363
4.603,2323
4.604,2363
4.605,2335
4.606,2391
4.607,2339
4.608,2355
4.609,2367
4.610,2407
4.611,2379
4.612,2419
4.613,2359
4.614,2359
4.615,2379
4.616,2359
4.617,2379
4.618,2387
4.619,2363
4.620,2355
4.621,2347
4.622,2335
4.623,2299
4.624,2339
4.625,2351
4.626,2339
4.627,2319
4.628,2303
4.629,2367
4.630,2311
4.631,2319
4.632,2331
4.633,2335
4.634,2319
4.635,2355
4.636,2367
4.637,2359
4.638,2347
4.639,2323
4.640,2371
4.641,2327
4.642,2375
4.643,2375
4.644,2359
4.645,2391
4.646,2347
4.647,2351
4.648,2351
4.649,2327
4.650,2363
4.651,2379
4.652,2359
4.653,2371
4.654,2367
4.655,2407
4.656,2371
4.657,2347
4.658,2311
4.659,2343
4.660,2363
4.661,2375
4.662,2375
4.663,2327
4.664,2379
4.665,2359
4.666,2391
4.667,2387
4.668,2363
4.669,2407
4.670,2419
4.671,2375
4.672,2391
4.673,2415
4.674,2399
4.675,2387
4.676,2403
4.677,2451
4.678,2411
4.679,2379
4.680,2451
4.681,2431
4.682,2443
4.683,2415
4.684,2471
4.685,2427
4.686,2463
4.687,2447
4.688,2447
4.689,2447
4.690,2471
4.691,2475
4.692,2447
4.693,2459
4.694,2443
4.695,2455
4.696,2459
4.697,2491
4.698,2459
4.699,2443
4.700,2463
4.701,2455
4.702,2535
4.703,2531
4.704,2487
4.705,2531
4.706,2483
4.707,2463
4.708,2471
4.709,2535
4.710,2527
4.711,2499
4.712,2475
4.713,2507
4.714,2515
4.715,2471
4.716,2479
4.717,2487
4.718,2515
4.719,2595
4.720,2531
4.721,2487
4.722,2487
4.723,2467
4.724,2435
4.725,2491
4.726,2547
4.727,2499
4.728,2467
4.729,2499
4.730,2471
4.731,2499
4.732,2451
4.733,2463
4.734,2447
4.735,2443
4.736,2431
4.737,2427
4.738,2451
4.739,2451
4.740,2439
4.741,2427
4.742,2483
4.743,2407
4.744,2423
4.745,2411
4.746,2415
4.747,2403
4.748,2459
4.749,2451
4.750,2431
4.751,2419
4.752,2391
4.753,2371
4.754,2407
4.755,2327
4.756,2327
4.757,2375
4.758,2419
4.759,2399
4.760,2363
4.761,2431
4.762,2423
4.763,2395
4.764,2375
4.765,2407
4.766,2359
4.767,2355
4.768,2379
4.769,2371
4.770,2331
4.771,2355
4.772,2375
4.773,2335
4.774,2367
4.775,2351
4.776,2355
4.777,2343
4.778,2347
4.779,2359
4.780,2359
4.781,2327
4.782,2411
4.783,2371
4.784,2351
4.785,2387
4.786,2351
4.787,2323
4.788,2355
4.789,2343
4.790,2343
4.791,2311
4.792,2303
4.793,2355
4.794,2243
4.795,2319
4.796,2355
4.797,2331
4.798,2311
4.799,2291
4.800,2271
4.801,2335
4.802,2311
4.803,2287
4.804,2299
4.805,2315
4.806,2359
4.807,2315
4.808,2291
4.809,2291
4.810,2279
4.811,2283
4.812,2343
4.813,2283
4.814,2295
4.815,2355
4.816,2267
4.817,2303
4.818,2339
4.819,2319
4.820,2275
4.821,2287
4.822,2371
4.823,2323
4.824,2315
4.825,2283
4.826,2275
4.827,2315
4.828,2319
4.829,2295
4.830,2339
4.831,2327
4.832,2339
4.833,2335
4.834,2299
4.835,2287
4.836,2315
4.837,2319
4.838,2335
4.839,2327
4.840,2315
4.841,2343
4.842,2347
4.843,2315
4.844,2355
4.845,2315
4.846,2347
4.847,2355
4.848,2311
4.849,2295
4.850,2319
4.851,2335
4.852,2319
4.853,2323
4.854,2347
4.855,2335
4.856,2363
4.857,2323
4.858,2367
4.859,2335
4.860,2331
4.861,2311
4.862,2359
4.863,2323
4.864,2323
4.865,2371
4.866,2287
4.867,2303
4.868,2303
4.869,2319
4.870,2283
4.871,2295
4.872,2299
4.873,2331
4.874,2279
4.875,2267
4.876,2295
4.877,2239
4.878,2287
4.879,2251
4.880,2255
4.881,2307
4.882,2287
4.883,2303
4.884,2283
4.885,2299
4.886,2259
4.887,2307
4.888,2315
4.889,2263
4.890,2315
4.891,2315
4.892,2263
4.893,2271
4.894,2279
4.895,2279
4.896,2307
4.897,2259
4.898,2231
4.899,2239
4.900,2267
4.901,2259
4.902,2255
4.903,2211
4.904,2231
4.905,2271
4.906,2259
4.907,2227
4.908,2219
4.909,2243
4.910,2203
4.911,2235
4.912,2223
4.913,2239
4.914,2203
4.915,2231
4.916,2227
4.917,2215
4.918,2231
4.919,2287
4.920,2199
4.921,2219
4.922,2227
4.923,2291
4.924,2219
4.925,2263
4.926,2251
4.927,2259
4.928,2243
4.929,2259
4.930,2231
4.931,2231
4.932,2271
4.933,2227
4.934,2167
4.935,2215
4.936,2259
4.937,2211
4.938,2275
4.939,2243
4.940,2231
4.941,2263
4.942,2219
4.943,2267
4.944,2219
4.945,2263
4.946,2207
4.947,2255
4.948,2243
4.949,2291
4.950,2259
4.951,2279
4.952,2247
4.953,2235
4.954,2239
4.955,2251
4.956,2279
4.957,2247
4.958,2279
4.959,2283
4.960,2279
4.961,2247
4.962,2239
4.963,2287
4.964,2231
4.965,2247
4.966,2303
4.967,2267
4.968,2267
4.969,2283
4.970,2267
4.971,2247
4.972,2235
4.973,2319
4.974,2275
4.975,2363
4.976,2255
4.977,2291
4.978,2271
4.979,2263
4.980,2263
4.981,2295
4.982,2311
4.983,2339
4.984,2351
4.985,2347
4.986,2299
4.987,2271
4.988,2327
4.989,2299
4.990,2311
4.991,2335
4.992,2299
4.993,2311
4.994,2359
4.995,2331
4.996,2359
4.997,2367
4.998,2423
4.999,2323
5.000,2347
